"","model_label","Model_Code","refLabel","refPercent","BpS_Name","Var1","Var2","Freq","BPS_CODE","ZONE","total_count","currentPercent"
"1","13040_32_43_44_49_A","13040_32_43_44_49","A",7,"Ozark-Ouachita Dry-Mesic Oak Forest",2132,1,15903,13040,44,2996479,0
"2","13040_32_43_44_49_B","13040_32_43_44_49","B",21,"Ozark-Ouachita Dry-Mesic Oak Forest",2132,2,205,13040,44,2996479,0
"3","13040_32_43_44_49_C","13040_32_43_44_49","C",22,"Ozark-Ouachita Dry-Mesic Oak Forest",2132,3,21820,13040,44,2996479,0
"4","13040_32_43_44_49_D","13040_32_43_44_49","D",33,"Ozark-Ouachita Dry-Mesic Oak Forest",2132,4,647588,13040,44,2996479,21
"5","13040_32_43_44_49_E","13040_32_43_44_49","E",17,"Ozark-Ouachita Dry-Mesic Oak Forest",2132,5,1854930,13040,44,2996479,61
"6","13040_32_43_44_49_Agriculture","13040_32_43_44_49","Agriculture",0,"Ozark-Ouachita Dry-Mesic Oak Forest",2132,180,53258,13040,44,2996479,1
"7","13040_32_43_44_49_Developed","13040_32_43_44_49","Developed",0,"Ozark-Ouachita Dry-Mesic Oak Forest",2132,120,88198,13040,44,2996479,2
"8","13040_32_43_44_49_Water","13040_32_43_44_49","Water",0,"Ozark-Ouachita Dry-Mesic Oak Forest",NA,NA,NA,NA,NA,NA,NA
"9","13040_32_43_44_49_UN","13040_32_43_44_49","UN",0,"Ozark-Ouachita Dry-Mesic Oak Forest",NA,NA,NA,NA,NA,NA,NA
"10","13040_32_43_44_49_UE","13040_32_43_44_49","UE",0,"Ozark-Ouachita Dry-Mesic Oak Forest",2132,7,314467,13040,44,2996479,10
"11","13120_44_A","13120_44","A",10,"Ouachita Montane Oak Forest",2136,1,96,13120,44,23905,0
"12","13120_44_B","13120_44","B",17,"Ouachita Montane Oak Forest",2136,2,13,13120,44,23905,0
"13","13120_44_C","13120_44","C",27,"Ouachita Montane Oak Forest",2136,3,26,13120,44,23905,0
"14","13120_44_D","13120_44","D",44,"Ouachita Montane Oak Forest",2136,4,1389,13120,44,23905,5
"15","13120_44_E","13120_44","E",2,"Ouachita Montane Oak Forest",2136,5,19856,13120,44,23905,83
"16","13120_44_Agriculture","13120_44","Agriculture",0,"Ouachita Montane Oak Forest",2136,180,3,13120,44,23905,0
"17","13120_44_Developed","13120_44","Developed",0,"Ouachita Montane Oak Forest",2136,120,2387,13120,44,23905,9
"18","13120_44_Water","13120_44","Water",0,"Ouachita Montane Oak Forest",NA,NA,NA,NA,NA,NA,NA
"19","13120_44_UN","13120_44","UN",0,"Ouachita Montane Oak Forest",NA,NA,NA,NA,NA,NA,NA
"20","13120_44_UE","13120_44","UE",0,"Ouachita Montane Oak Forest",2136,7,135,13120,44,23905,0
"21","13230_32_36_37_44_45_98_A","13230_32_36_37_44_45_98","A",4,"West Gulf Coastal Plain Mesic Hardwood Forest",2138,1,98,13230,44,11419,0
"22","13230_32_36_37_44_45_98_B","13230_32_36_37_44_45_98","B",23,"West Gulf Coastal Plain Mesic Hardwood Forest",2138,2,4328,13230,44,11419,37
"23","13230_32_36_37_44_45_98_C","13230_32_36_37_44_45_98","C",12,"West Gulf Coastal Plain Mesic Hardwood Forest",2138,3,2798,13230,44,11419,24
"24","13230_32_36_37_44_45_98_D","13230_32_36_37_44_45_98","D",24,"West Gulf Coastal Plain Mesic Hardwood Forest",2138,4,2,13230,44,11419,0
"25","13230_32_36_37_44_45_98_E","13230_32_36_37_44_45_98","E",37,"West Gulf Coastal Plain Mesic Hardwood Forest",2138,5,120,13230,44,11419,1
"26","13230_32_36_37_44_45_98_Agriculture","13230_32_36_37_44_45_98","Agriculture",0,"West Gulf Coastal Plain Mesic Hardwood Forest",2138,180,834,13230,44,11419,7
"27","13230_32_36_37_44_45_98_Developed","13230_32_36_37_44_45_98","Developed",0,"West Gulf Coastal Plain Mesic Hardwood Forest",2138,120,338,13230,44,11419,2
"28","13230_32_36_37_44_45_98_Water","13230_32_36_37_44_45_98","Water",0,"West Gulf Coastal Plain Mesic Hardwood Forest",NA,NA,NA,NA,NA,NA,NA
"29","13230_32_36_37_44_45_98_UN","13230_32_36_37_44_45_98","UN",0,"West Gulf Coastal Plain Mesic Hardwood Forest",NA,NA,NA,NA,NA,NA,NA
"30","13230_32_36_37_44_45_98_UE","13230_32_36_37_44_45_98","UE",0,"West Gulf Coastal Plain Mesic Hardwood Forest",2138,7,2901,13230,44,11419,25
"31","13340_32_43_44_A","13340_32_43_44","A",8,"Ozark-Ouachita Mesic Hardwood Forest",2139,1,3545,13340,44,530667,0
"32","13340_32_43_44_B","13340_32_43_44","B",24,"Ozark-Ouachita Mesic Hardwood Forest",2139,2,2517,13340,44,530667,0
"33","13340_32_43_44_C","13340_32_43_44","C",68,"Ozark-Ouachita Mesic Hardwood Forest",2139,3,446366,13340,44,530667,84
"34","13340_32_43_44_D","13340_32_43_44","D",NA,"Ozark-Ouachita Mesic Hardwood Forest",NA,NA,NA,NA,NA,NA,NA
"35","13340_32_43_44_E","13340_32_43_44","E",NA,"Ozark-Ouachita Mesic Hardwood Forest",NA,NA,NA,NA,NA,NA,NA
"36","13340_32_43_44_Agriculture","13340_32_43_44","Agriculture",0,"Ozark-Ouachita Mesic Hardwood Forest",2139,180,5735,13340,44,530667,1
"37","13340_32_43_44_Developed","13340_32_43_44","Developed",0,"Ozark-Ouachita Mesic Hardwood Forest",2139,120,31336,13340,44,530667,5
"38","13340_32_43_44_Water","13340_32_43_44","Water",0,"Ozark-Ouachita Mesic Hardwood Forest",NA,NA,NA,NA,NA,NA,NA
"39","13340_32_43_44_UN","13340_32_43_44","UN",0,"Ozark-Ouachita Mesic Hardwood Forest",NA,NA,NA,NA,NA,NA,NA
"40","13340_32_43_44_UE","13340_32_43_44","UE",0,"Ozark-Ouachita Mesic Hardwood Forest",2139,7,41158,13340,44,530667,7
"41","13640_32_44_49_A","13640_32_44_49","A",10,"Ozark-Ouachita Dry Oak Woodland",2140,1,7406,13640,44,1765782,0
"42","13640_32_44_49_B","13640_32_44_49","B",17,"Ozark-Ouachita Dry Oak Woodland",2140,2,814,13640,44,1765782,0
"43","13640_32_44_49_C","13640_32_44_49","C",27,"Ozark-Ouachita Dry Oak Woodland",2140,3,19956,13640,44,1765782,1
"44","13640_32_44_49_D","13640_32_44_49","D",44,"Ozark-Ouachita Dry Oak Woodland",2140,4,126602,13640,44,1765782,7
"45","13640_32_44_49_E","13640_32_44_49","E",2,"Ozark-Ouachita Dry Oak Woodland",2140,5,1216336,13640,44,1765782,68
"46","13640_32_44_49_Agriculture","13640_32_44_49","Agriculture",0,"Ozark-Ouachita Dry Oak Woodland",2140,180,81498,13640,44,1765782,4
"47","13640_32_44_49_Developed","13640_32_44_49","Developed",0,"Ozark-Ouachita Dry Oak Woodland",2140,120,85329,13640,44,1765782,4
"48","13640_32_44_49_Water","13640_32_44_49","Water",0,"Ozark-Ouachita Dry Oak Woodland",NA,NA,NA,NA,NA,NA,NA
"49","13640_32_44_49_UN","13640_32_44_49","UN",0,"Ozark-Ouachita Dry Oak Woodland",NA,NA,NA,NA,NA,NA,NA
"50","13640_32_44_49_UE","13640_32_44_49","UE",0,"Ozark-Ouachita Dry Oak Woodland",2140,7,227760,13640,44,1765782,12
"51","13670_32_44_A","13670_32_44","A",7,"Ozark-Ouachita Shortleaf Pine-Oak Forest and Woodland",2141,1,8560,13670,44,2350146,0
"52","13670_32_44_B","13670_32_44","B",7,"Ozark-Ouachita Shortleaf Pine-Oak Forest and Woodland",2141,2,85,13670,44,2350146,0
"53","13670_32_44_C","13670_32_44","C",23,"Ozark-Ouachita Shortleaf Pine-Oak Forest and Woodland",2141,3,35393,13670,44,2350146,1
"54","13670_32_44_D","13670_32_44","D",45,"Ozark-Ouachita Shortleaf Pine-Oak Forest and Woodland",2141,4,708933,13670,44,2350146,30
"55","13670_32_44_E","13670_32_44","E",18,"Ozark-Ouachita Shortleaf Pine-Oak Forest and Woodland",2141,5,1022912,13670,44,2350146,43
"56","13670_32_44_Agriculture","13670_32_44","Agriculture",0,"Ozark-Ouachita Shortleaf Pine-Oak Forest and Woodland",2141,180,73813,13670,44,2350146,3
"57","13670_32_44_Developed","13670_32_44","Developed",0,"Ozark-Ouachita Shortleaf Pine-Oak Forest and Woodland",2141,120,120628,13670,44,2350146,5
"58","13670_32_44_Water","13670_32_44","Water",0,"Ozark-Ouachita Shortleaf Pine-Oak Forest and Woodland",NA,NA,NA,NA,NA,NA,NA
"59","13670_32_44_UN","13670_32_44","UN",0,"Ozark-Ouachita Shortleaf Pine-Oak Forest and Woodland",NA,NA,NA,NA,NA,NA,NA
"60","13670_32_44_UE","13670_32_44","UE",0,"Ozark-Ouachita Shortleaf Pine-Oak Forest and Woodland",2141,7,379799,13670,44,2350146,16
"61","13710_44_A","13710_44","A",10,"West Gulf Coastal Plain Pine-Hardwood Forest",2142,1,2868,13710,44,414868,0
"62","13710_44_B","13710_44","B",10,"West Gulf Coastal Plain Pine-Hardwood Forest",2142,2,27450,13710,44,414868,6
"63","13710_44_C","13710_44","C",23,"West Gulf Coastal Plain Pine-Hardwood Forest",2142,3,35510,13710,44,414868,8
"64","13710_44_D","13710_44","D",53,"West Gulf Coastal Plain Pine-Hardwood Forest",2142,4,125,13710,44,414868,0
"65","13710_44_E","13710_44","E",4,"West Gulf Coastal Plain Pine-Hardwood Forest",2142,5,2817,13710,44,414868,0
"66","13710_44_Agriculture","13710_44","Agriculture",0,"West Gulf Coastal Plain Pine-Hardwood Forest",2142,180,110600,13710,44,414868,26
"67","13710_44_Developed","13710_44","Developed",0,"West Gulf Coastal Plain Pine-Hardwood Forest",2142,120,23905,13710,44,414868,5
"68","13710_44_Water","13710_44","Water",0,"West Gulf Coastal Plain Pine-Hardwood Forest",NA,NA,NA,NA,NA,NA,NA
"69","13710_44_UN","13710_44","UN",0,"West Gulf Coastal Plain Pine-Hardwood Forest",NA,NA,NA,NA,NA,NA,NA
"70","13710_44_UE","13710_44","UE",0,"West Gulf Coastal Plain Pine-Hardwood Forest",2142,7,211589,13710,44,414868,51
"71","13780_37_44_A","13780_37_44","A",11,"West Gulf Coastal Plain Sandhill Oak and Shortleaf Pine Forest and Woodland",2143,1,173,13780,44,51155,0
"72","13780_37_44_B","13780_37_44","B",3,"West Gulf Coastal Plain Sandhill Oak and Shortleaf Pine Forest and Woodland",NA,NA,NA,NA,NA,NA,NA
"73","13780_37_44_C","13780_37_44","C",18,"West Gulf Coastal Plain Sandhill Oak and Shortleaf Pine Forest and Woodland",2143,3,422,13780,44,51155,0
"74","13780_37_44_D","13780_37_44","D",63,"West Gulf Coastal Plain Sandhill Oak and Shortleaf Pine Forest and Woodland",2143,4,7311,13780,44,51155,14
"75","13780_37_44_E","13780_37_44","E",5,"West Gulf Coastal Plain Sandhill Oak and Shortleaf Pine Forest and Woodland",2143,5,19,13780,44,51155,0
"76","13780_37_44_Agriculture","13780_37_44","Agriculture",0,"West Gulf Coastal Plain Sandhill Oak and Shortleaf Pine Forest and Woodland",2143,180,21547,13780,44,51155,42
"77","13780_37_44_Developed","13780_37_44","Developed",0,"West Gulf Coastal Plain Sandhill Oak and Shortleaf Pine Forest and Woodland",2143,120,4170,13780,44,51155,8
"78","13780_37_44_Water","13780_37_44","Water",0,"West Gulf Coastal Plain Sandhill Oak and Shortleaf Pine Forest and Woodland",NA,NA,NA,NA,NA,NA,NA
"79","13780_37_44_UN","13780_37_44","UN",0,"West Gulf Coastal Plain Sandhill Oak and Shortleaf Pine Forest and Woodland",NA,NA,NA,NA,NA,NA,NA
"80","13780_37_44_UE","13780_37_44","UE",0,"West Gulf Coastal Plain Sandhill Oak and Shortleaf Pine Forest and Woodland",2143,7,17513,13780,44,51155,34
"81","14151_44_A","14151_44","A",82,"Arkansas Valley Prairie and Woodland - Prairie",2146,1,146,14151,44,35643,0
"82","14151_44_B","14151_44","B",1,"Arkansas Valley Prairie and Woodland - Prairie",2146,2,478,14151,44,35643,1
"83","14151_44_C","14151_44","C",17,"Arkansas Valley Prairie and Woodland - Prairie",2146,3,3701,14151,44,35643,10
"84","14151_44_D","14151_44","D",NA,"Arkansas Valley Prairie and Woodland - Prairie",NA,NA,NA,NA,NA,NA,NA
"85","14151_44_E","14151_44","E",NA,"Arkansas Valley Prairie and Woodland - Prairie",NA,NA,NA,NA,NA,NA,NA
"86","14151_44_Agriculture","14151_44","Agriculture",0,"Arkansas Valley Prairie and Woodland - Prairie",2146,180,11613,14151,44,35643,32
"87","14151_44_Developed","14151_44","Developed",0,"Arkansas Valley Prairie and Woodland - Prairie",2146,120,2607,14151,44,35643,7
"88","14151_44_Water","14151_44","Water",0,"Arkansas Valley Prairie and Woodland - Prairie",NA,NA,NA,NA,NA,NA,NA
"89","14151_44_UN","14151_44","UN",0,"Arkansas Valley Prairie and Woodland - Prairie",2146,6,14568,14151,44,35643,40
"90","14151_44_UE","14151_44","UE",0,"Arkansas Valley Prairie and Woodland - Prairie",2146,7,2530,14151,44,35643,7
"91","14152_44_A","14152_44","A",19,"Arkansas Valley Prairie and Woodland - Woodland",2147,1,272,14152,44,57169,0
"92","14152_44_B","14152_44","B",16,"Arkansas Valley Prairie and Woodland - Woodland",2147,2,10,14152,44,57169,0
"93","14152_44_C","14152_44","C",36,"Arkansas Valley Prairie and Woodland - Woodland",2147,3,1204,14152,44,57169,2
"94","14152_44_D","14152_44","D",23,"Arkansas Valley Prairie and Woodland - Woodland",2147,4,7127,14152,44,57169,12
"95","14152_44_E","14152_44","E",6,"Arkansas Valley Prairie and Woodland - Woodland",2147,5,33894,14152,44,57169,59
"96","14152_44_Agriculture","14152_44","Agriculture",0,"Arkansas Valley Prairie and Woodland - Woodland",2147,180,7123,14152,44,57169,12
"97","14152_44_Developed","14152_44","Developed",0,"Arkansas Valley Prairie and Woodland - Woodland",2147,120,3697,14152,44,57169,6
"98","14152_44_Water","14152_44","Water",0,"Arkansas Valley Prairie and Woodland - Woodland",NA,NA,NA,NA,NA,NA,NA
"99","14152_44_UN","14152_44","UN",0,"Arkansas Valley Prairie and Woodland - Woodland",NA,NA,NA,NA,NA,NA,NA
"100","14152_44_UE","14152_44","UE",0,"Arkansas Valley Prairie and Woodland - Woodland",2147,7,3842,14152,44,57169,6
"101","14280_37_44_A","14280_37_44","A",50,"West Gulf Coastal Plain Northern Calcareous Prairie",2150,1,377,14280,44,41209,0
"102","14280_37_44_B","14280_37_44","B",3,"West Gulf Coastal Plain Northern Calcareous Prairie",2150,2,10,14280,44,41209,0
"103","14280_37_44_C","14280_37_44","C",46,"West Gulf Coastal Plain Northern Calcareous Prairie",2150,3,3913,14280,44,41209,9
"104","14280_37_44_D","14280_37_44","D",1,"West Gulf Coastal Plain Northern Calcareous Prairie",2150,4,3134,14280,44,41209,7
"105","14280_37_44_E","14280_37_44","E",NA,"West Gulf Coastal Plain Northern Calcareous Prairie",NA,NA,NA,NA,NA,NA,NA
"106","14280_37_44_Agriculture","14280_37_44","Agriculture",0,"West Gulf Coastal Plain Northern Calcareous Prairie",2150,180,23071,14280,44,41209,55
"107","14280_37_44_Developed","14280_37_44","Developed",0,"West Gulf Coastal Plain Northern Calcareous Prairie",2150,120,1614,14280,44,41209,3
"108","14280_37_44_Water","14280_37_44","Water",0,"West Gulf Coastal Plain Northern Calcareous Prairie",NA,NA,NA,NA,NA,NA,NA
"109","14280_37_44_UN","14280_37_44","UN",0,"West Gulf Coastal Plain Northern Calcareous Prairie",NA,NA,NA,NA,NA,NA,NA
"110","14280_37_44_UE","14280_37_44","UE",0,"West Gulf Coastal Plain Northern Calcareous Prairie",2150,7,9090,14280,44,41209,22
"111","14580_37_44_45_98_A","14580_37_44_45_98","A",13,"West Gulf Coastal Plain Pine-Hardwood Flatwoods",2151,1,20,14580,44,13737,0
"112","14580_37_44_45_98_B","14580_37_44_45_98","B",10,"West Gulf Coastal Plain Pine-Hardwood Flatwoods",2151,2,2,14580,44,13737,0
"113","14580_37_44_45_98_C","14580_37_44_45_98","C",18,"West Gulf Coastal Plain Pine-Hardwood Flatwoods",2151,3,5872,14580,44,13737,42
"114","14580_37_44_45_98_D","14580_37_44_45_98","D",53,"West Gulf Coastal Plain Pine-Hardwood Flatwoods",2151,4,51,14580,44,13737,0
"115","14580_37_44_45_98_E","14580_37_44_45_98","E",6,"West Gulf Coastal Plain Pine-Hardwood Flatwoods",NA,NA,NA,NA,NA,NA,NA
"116","14580_37_44_45_98_Agriculture","14580_37_44_45_98","Agriculture",0,"West Gulf Coastal Plain Pine-Hardwood Flatwoods",2151,180,2314,14580,44,13737,16
"117","14580_37_44_45_98_Developed","14580_37_44_45_98","Developed",0,"West Gulf Coastal Plain Pine-Hardwood Flatwoods",2151,120,930,14580,44,13737,6
"118","14580_37_44_45_98_Water","14580_37_44_45_98","Water",0,"West Gulf Coastal Plain Pine-Hardwood Flatwoods",NA,NA,NA,NA,NA,NA,NA
"119","14580_37_44_45_98_UN","14580_37_44_45_98","UN",0,"West Gulf Coastal Plain Pine-Hardwood Flatwoods",NA,NA,NA,NA,NA,NA,NA
"120","14580_37_44_45_98_UE","14580_37_44_45_98","UE",0,"West Gulf Coastal Plain Pine-Hardwood Flatwoods",2151,7,4548,14580,44,13737,33
"121","14712_44_A","14712_44","A",18,"Central Interior and Appalachian Floodplain Systems - Large Floodplains",2153,1,13173,14712,44,281691,4
"122","14712_44_B","14712_44","B",27,"Central Interior and Appalachian Floodplain Systems - Large Floodplains",2153,2,155600,14712,44,281691,55
"123","14712_44_C","14712_44","C",55,"Central Interior and Appalachian Floodplain Systems - Large Floodplains",NA,NA,NA,NA,NA,NA,NA
"124","14712_44_D","14712_44","D",NA,"Central Interior and Appalachian Floodplain Systems - Large Floodplains",NA,NA,NA,NA,NA,NA,NA
"125","14712_44_E","14712_44","E",NA,"Central Interior and Appalachian Floodplain Systems - Large Floodplains",NA,NA,NA,NA,NA,NA,NA
"126","14712_44_Agriculture","14712_44","Agriculture",0,"Central Interior and Appalachian Floodplain Systems - Large Floodplains",2153,180,73368,14712,44,281691,26
"127","14712_44_Developed","14712_44","Developed",0,"Central Interior and Appalachian Floodplain Systems - Large Floodplains",2153,120,12068,14712,44,281691,4
"128","14712_44_Water","14712_44","Water",0,"Central Interior and Appalachian Floodplain Systems - Large Floodplains",NA,NA,NA,NA,NA,NA,NA
"129","14712_44_UN","14712_44","UN",0,"Central Interior and Appalachian Floodplain Systems - Large Floodplains",NA,NA,NA,NA,NA,NA,NA
"130","14712_44_UE","14712_44","UE",0,"Central Interior and Appalachian Floodplain Systems - Large Floodplains",2153,7,27482,14712,44,281691,9
"131","14730_32_37_44_A","14730_32_37_44","A",10,"Gulf and Atlantic Coastal Plain Floodplain Systems",2155,1,4961,14730,44,161959,3
"132","14730_32_37_44_B","14730_32_37_44","B",16,"Gulf and Atlantic Coastal Plain Floodplain Systems",2155,2,27448,14730,44,161959,16
"133","14730_32_37_44_C","14730_32_37_44","C",43,"Gulf and Atlantic Coastal Plain Floodplain Systems",2155,3,9132,14730,44,161959,5
"134","14730_32_37_44_D","14730_32_37_44","D",31,"Gulf and Atlantic Coastal Plain Floodplain Systems",2155,4,17027,14730,44,161959,10
"135","14730_32_37_44_E","14730_32_37_44","E",NA,"Gulf and Atlantic Coastal Plain Floodplain Systems",NA,NA,NA,NA,NA,NA,NA
"136","14730_32_37_44_Agriculture","14730_32_37_44","Agriculture",0,"Gulf and Atlantic Coastal Plain Floodplain Systems",2155,180,63618,14730,44,161959,39
"137","14730_32_37_44_Developed","14730_32_37_44","Developed",0,"Gulf and Atlantic Coastal Plain Floodplain Systems",2155,120,6413,14730,44,161959,3
"138","14730_32_37_44_Water","14730_32_37_44","Water",0,"Gulf and Atlantic Coastal Plain Floodplain Systems",NA,NA,NA,NA,NA,NA,NA
"139","14730_32_37_44_UN","14730_32_37_44","UN",0,"Gulf and Atlantic Coastal Plain Floodplain Systems",NA,NA,NA,NA,NA,NA,NA
"140","14730_32_37_44_UE","14730_32_37_44","UE",0,"Gulf and Atlantic Coastal Plain Floodplain Systems",2155,7,33360,14730,44,161959,20
"141","14740_32_37_44_45_98_A","14740_32_37_44_45_98","A",14,"Gulf and Atlantic Coastal Plain Small Stream Riparian Systems",2156,1,1342,14740,44,79139,1
"142","14740_32_37_44_45_98_B","14740_32_37_44_45_98","B",19,"Gulf and Atlantic Coastal Plain Small Stream Riparian Systems",2156,2,16577,14740,44,79139,20
"143","14740_32_37_44_45_98_C","14740_32_37_44_45_98","C",67,"Gulf and Atlantic Coastal Plain Small Stream Riparian Systems",2156,3,2075,14740,44,79139,2
"144","14740_32_37_44_45_98_D","14740_32_37_44_45_98","D",NA,"Gulf and Atlantic Coastal Plain Small Stream Riparian Systems",NA,NA,NA,NA,NA,NA,NA
"145","14740_32_37_44_45_98_E","14740_32_37_44_45_98","E",NA,"Gulf and Atlantic Coastal Plain Small Stream Riparian Systems",NA,NA,NA,NA,NA,NA,NA
"146","14740_32_37_44_45_98_Agriculture","14740_32_37_44_45_98","Agriculture",0,"Gulf and Atlantic Coastal Plain Small Stream Riparian Systems",2156,180,24590,14740,44,79139,31
"147","14740_32_37_44_45_98_Developed","14740_32_37_44_45_98","Developed",0,"Gulf and Atlantic Coastal Plain Small Stream Riparian Systems",2156,120,3820,14740,44,79139,4
"148","14740_32_37_44_45_98_Water","14740_32_37_44_45_98","Water",0,"Gulf and Atlantic Coastal Plain Small Stream Riparian Systems",NA,NA,NA,NA,NA,NA,NA
"149","14740_32_37_44_45_98_UN","14740_32_37_44_45_98","UN",0,"Gulf and Atlantic Coastal Plain Small Stream Riparian Systems",NA,NA,NA,NA,NA,NA,NA
"150","14740_32_37_44_45_98_UE","14740_32_37_44_45_98","UE",0,"Gulf and Atlantic Coastal Plain Small Stream Riparian Systems",2156,7,30735,14740,44,79139,38
"151","14800_36_37_44_A","14800_36_37_44","A",8,"Gulf and Atlantic Coastal Plain Swamp Systems",2157,1,2593,14800,44,24125,10
"152","14800_36_37_44_B","14800_36_37_44","B",29,"Gulf and Atlantic Coastal Plain Swamp Systems",2157,2,4266,14800,44,24125,17
"153","14800_36_37_44_C","14800_36_37_44","C",19,"Gulf and Atlantic Coastal Plain Swamp Systems",2157,3,3995,14800,44,24125,16
"154","14800_36_37_44_D","14800_36_37_44","D",44,"Gulf and Atlantic Coastal Plain Swamp Systems",2157,4,804,14800,44,24125,3
"155","14800_36_37_44_E","14800_36_37_44","E",NA,"Gulf and Atlantic Coastal Plain Swamp Systems",NA,NA,NA,NA,NA,NA,NA
"156","14800_36_37_44_Agriculture","14800_36_37_44","Agriculture",0,"Gulf and Atlantic Coastal Plain Swamp Systems",2157,180,8961,14800,44,24125,37
"157","14800_36_37_44_Developed","14800_36_37_44","Developed",0,"Gulf and Atlantic Coastal Plain Swamp Systems",2157,120,289,14800,44,24125,1
"158","14800_36_37_44_Water","14800_36_37_44","Water",0,"Gulf and Atlantic Coastal Plain Swamp Systems",NA,NA,NA,NA,NA,NA,NA
"159","14800_36_37_44_UN","14800_36_37_44","UN",0,"Gulf and Atlantic Coastal Plain Swamp Systems",NA,NA,NA,NA,NA,NA,NA
"160","14800_36_37_44_UE","14800_36_37_44","UE",0,"Gulf and Atlantic Coastal Plain Swamp Systems",2157,7,3217,14800,44,24125,13
"161","14930_41_42_44_50_A","14930_41_42_44_50","A",8,"Central Interior and Appalachian Shrub-Herbaceous Wetland Systems",NA,NA,NA,NA,NA,NA,NA
"162","14930_41_42_44_50_B","14930_41_42_44_50","B",60,"Central Interior and Appalachian Shrub-Herbaceous Wetland Systems",2158,2,7,14930,44,820,0
"163","14930_41_42_44_50_C","14930_41_42_44_50","C",28,"Central Interior and Appalachian Shrub-Herbaceous Wetland Systems",NA,NA,NA,NA,NA,NA,NA
"164","14930_41_42_44_50_D","14930_41_42_44_50","D",4,"Central Interior and Appalachian Shrub-Herbaceous Wetland Systems",2158,4,386,14930,44,820,47
"165","14930_41_42_44_50_E","14930_41_42_44_50","E",NA,"Central Interior and Appalachian Shrub-Herbaceous Wetland Systems",NA,NA,NA,NA,NA,NA,NA
"166","14930_41_42_44_50_Agriculture","14930_41_42_44_50","Agriculture",0,"Central Interior and Appalachian Shrub-Herbaceous Wetland Systems",2158,180,171,14930,44,820,20
"167","14930_41_42_44_50_Developed","14930_41_42_44_50","Developed",0,"Central Interior and Appalachian Shrub-Herbaceous Wetland Systems",2158,120,17,14930,44,820,2
"168","14930_41_42_44_50_Water","14930_41_42_44_50","Water",0,"Central Interior and Appalachian Shrub-Herbaceous Wetland Systems",NA,NA,NA,NA,NA,NA,NA
"169","14930_41_42_44_50_UN","14930_41_42_44_50","UN",0,"Central Interior and Appalachian Shrub-Herbaceous Wetland Systems",2158,6,28,14930,44,820,3
"170","14930_41_42_44_50_UE","14930_41_42_44_50","UE",0,"Central Interior and Appalachian Shrub-Herbaceous Wetland Systems",2158,7,123,14930,44,820,15
"171","15060_37_44_A","15060_37_44","A",3,"West Gulf Coastal Plain Nonriverine Wet Hardwood Flatwoods",2159,1,361,15060,44,19922,1
"172","15060_37_44_B","15060_37_44","B",15,"West Gulf Coastal Plain Nonriverine Wet Hardwood Flatwoods",2159,2,796,15060,44,19922,3
"173","15060_37_44_C","15060_37_44","C",51,"West Gulf Coastal Plain Nonriverine Wet Hardwood Flatwoods",2159,3,5036,15060,44,19922,25
"174","15060_37_44_D","15060_37_44","D",31,"West Gulf Coastal Plain Nonriverine Wet Hardwood Flatwoods",2159,4,6076,15060,44,19922,30
"175","15060_37_44_E","15060_37_44","E",NA,"West Gulf Coastal Plain Nonriverine Wet Hardwood Flatwoods",NA,NA,NA,NA,NA,NA,NA
"176","15060_37_44_Agriculture","15060_37_44","Agriculture",0,"West Gulf Coastal Plain Nonriverine Wet Hardwood Flatwoods",2159,180,1290,15060,44,19922,6
"177","15060_37_44_Developed","15060_37_44","Developed",0,"West Gulf Coastal Plain Nonriverine Wet Hardwood Flatwoods",2159,120,1236,15060,44,19922,6
"178","15060_37_44_Water","15060_37_44","Water",0,"West Gulf Coastal Plain Nonriverine Wet Hardwood Flatwoods",NA,NA,NA,NA,NA,NA,NA
"179","15060_37_44_UN","15060_37_44","UN",0,"West Gulf Coastal Plain Nonriverine Wet Hardwood Flatwoods",NA,NA,NA,NA,NA,NA,NA
"180","15060_37_44_UE","15060_37_44","UE",0,"West Gulf Coastal Plain Nonriverine Wet Hardwood Flatwoods",2159,7,5124,15060,44,19922,25
"181","15070_44_A","15070_44","A",15,"Ozark-Ouachita Shortleaf Pine-Bluestem Woodland",2160,1,9236,15070,44,3130351,0
"182","15070_44_B","15070_44","B",3,"Ozark-Ouachita Shortleaf Pine-Bluestem Woodland",2160,2,258,15070,44,3130351,0
"183","15070_44_C","15070_44","C",37,"Ozark-Ouachita Shortleaf Pine-Bluestem Woodland",2160,3,34166,15070,44,3130351,1
"184","15070_44_D","15070_44","D",43,"Ozark-Ouachita Shortleaf Pine-Bluestem Woodland",2160,4,739477,15070,44,3130351,23
"185","15070_44_E","15070_44","E",2,"Ozark-Ouachita Shortleaf Pine-Bluestem Woodland",2160,5,1523049,15070,44,3130351,48
"186","15070_44_Agriculture","15070_44","Agriculture",0,"Ozark-Ouachita Shortleaf Pine-Bluestem Woodland",2160,180,198309,15070,44,3130351,6
"187","15070_44_Developed","15070_44","Developed",0,"Ozark-Ouachita Shortleaf Pine-Bluestem Woodland",2160,120,174497,15070,44,3130351,5
"188","15070_44_Water","15070_44","Water",0,"Ozark-Ouachita Shortleaf Pine-Bluestem Woodland",NA,NA,NA,NA,NA,NA,NA
"189","15070_44_UN","15070_44","UN",0,"Ozark-Ouachita Shortleaf Pine-Bluestem Woodland",NA,NA,NA,NA,NA,NA,NA
"190","15070_44_UE","15070_44","UE",0,"Ozark-Ouachita Shortleaf Pine-Bluestem Woodland",2160,7,451344,15070,44,3130351,14
